{
  "mae": 0.3773648120969853,
  "mse": 0.2194346060440485,
  "rmse": 0.4684384762634774,
  "r2": 0.75102397185264,
  "r": 0.8943155621624321
}